{
	"info": {
		"_postman_id": "53393076-af8e-43a3-b7c2-c15fba62739f",
		"name": "online_shopping",
		"schema": "https://schema.getpostman.com/json/collection/v2.1.0/collection.json"
	},
	"item": [
		{
			"name": "GetAllBrands",
			"request": {
				"method": "GET",
				"header": [],
				"url": {
					"raw": "http://localhost:5000/get_brands",
					"protocol": "http",
					"host": [
						"localhost"
					],
					"port": "5000",
					"path": [
						"get_brands"
					]
				}
			},
			"response": []
		},
		{
			"name": "GetBrandById",
			"request": {
				"method": "GET",
				"header": [],
				"url": {
					"raw": "http://localhost:5000/get_brands/3",
					"protocol": "http",
					"host": [
						"localhost"
					],
					"port": "5000",
					"path": [
						"get_brands",
						"3"
					]
				}
			},
			"response": []
		},
		{
			"name": "AddBrand",
			"request": {
				"method": "POST",
				"header": [],
				"body": {
					"mode": "raw",
					"raw": "{\r\n        \"brand_name\": \"kwba\"\r\n}",
					"options": {
						"raw": {
							"language": "json"
						}
					}
				},
				"url": {
					"raw": "http://localhost:5000/add_brand",
					"protocol": "http",
					"host": [
						"localhost"
					],
					"port": "5000",
					"path": [
						"add_brand"
					]
				}
			},
			"response": []
		},
		{
			"name": "DeleteBrandById",
			"request": {
				"method": "DELETE",
				"header": [],
				"url": {
					"raw": "http://localhost:5000/delete_brand/11",
					"protocol": "http",
					"host": [
						"localhost"
					],
					"port": "5000",
					"path": [
						"delete_brand",
						"11"
					]
				}
			},
			"response": []
		},
		{
			"name": "UpdateBrandById",
			"request": {
				"method": "PUT",
				"header": [],
				"body": {
					"mode": "raw",
					"raw": "{\r\n        \"brand_name\": \"yori\"\r\n}",
					"options": {
						"raw": {
							"language": "json"
						}
					}
				},
				"url": {
					"raw": "http://localhost:5000/update_brand/11",
					"protocol": "http",
					"host": [
						"localhost"
					],
					"port": "5000",
					"path": [
						"update_brand",
						"11"
					]
				}
			},
			"response": []
		},
		{
			"name": "GetAllItems",
			"request": {
				"method": "GET",
				"header": [],
				"url": {
					"raw": "http://localhost:5000/get_items",
					"protocol": "http",
					"host": [
						"localhost"
					],
					"port": "5000",
					"path": [
						"get_items"
					]
				}
			},
			"response": []
		},
		{
			"name": "GetItemById",
			"request": {
				"method": "GET",
				"header": [],
				"url": {
					"raw": "http://localhost:5000/get_items/4",
					"protocol": "http",
					"host": [
						"localhost"
					],
					"port": "5000",
					"path": [
						"get_items",
						"4"
					]
				}
			},
			"response": []
		},
		{
			"name": "AddItem",
			"request": {
				"method": "POST",
				"header": [],
				"body": {
					"mode": "raw",
					"raw": "{\r\n        \"item_name\": \"123\",\r\n        \"item_barcode\": 907542,\r\n        \"item_image_url\": \"22\",\r\n        \"brand_id\": 3,\r\n        \"item_available_qty\": 20\r\n}",
					"options": {
						"raw": {
							"language": "json"
						}
					}
				},
				"url": {
					"raw": "http://localhost:5000/add_item",
					"protocol": "http",
					"host": [
						"localhost"
					],
					"port": "5000",
					"path": [
						"add_item"
					]
				}
			},
			"response": []
		},
		{
			"name": "DeleteItemById",
			"request": {
				"method": "DELETE",
				"header": [],
				"url": {
					"raw": "http://localhost:5000/delete_item/11",
					"protocol": "http",
					"host": [
						"localhost"
					],
					"port": "5000",
					"path": [
						"delete_item",
						"11"
					]
				}
			},
			"response": []
		},
		{
			"name": "UpdateItemById",
			"request": {
				"method": "PUT",
				"header": [],
				"body": {
					"mode": "raw",
					"raw": "{\r\n        \"item_name\": \"babwj\",\r\n        \"item_barcode\": 907542,\r\n        \"item_image_url\": \"babuj4.png\",\r\n        \"brand_id\": 3,\r\n        \"item_available_qty\": \"slaw\"\r\n}",
					"options": {
						"raw": {
							"language": "json"
						}
					}
				},
				"url": {
					"raw": "http://localhost:5000/update_item/9",
					"protocol": "http",
					"host": [
						"localhost"
					],
					"port": "5000",
					"path": [
						"update_item",
						"9"
					]
				}
			},
			"response": []
		},
		{
			"name": "GetAllUsers",
			"request": {
				"method": "GET",
				"header": [],
				"url": {
					"raw": "http://localhost:5000/get_users",
					"protocol": "http",
					"host": [
						"localhost"
					],
					"port": "5000",
					"path": [
						"get_users"
					]
				}
			},
			"response": []
		},
		{
			"name": "GetUserById",
			"request": {
				"method": "GET",
				"header": [],
				"url": {
					"raw": "http://localhost:5000/get_users/4",
					"protocol": "http",
					"host": [
						"localhost"
					],
					"port": "5000",
					"path": [
						"get_users",
						"4"
					]
				}
			},
			"response": []
		},
		{
			"name": "AddUser",
			"request": {
				"method": "POST",
				"header": [],
				"body": {
					"mode": "raw",
					"raw": "{\r\n        \"user_name\": 11\r\n}",
					"options": {
						"raw": {
							"language": "json"
						}
					}
				},
				"url": {
					"raw": "http://localhost:5000/add_user",
					"protocol": "http",
					"host": [
						"localhost"
					],
					"port": "5000",
					"path": [
						"add_user"
					]
				}
			},
			"response": []
		},
		{
			"name": "DeleteUserById",
			"request": {
				"method": "DELETE",
				"header": [],
				"url": {
					"raw": "http://localhost:5000/delete_user/10",
					"protocol": "http",
					"host": [
						"localhost"
					],
					"port": "5000",
					"path": [
						"delete_user",
						"10"
					]
				}
			},
			"response": []
		},
		{
			"name": "UpdateUserById",
			"request": {
				"method": "PUT",
				"header": [],
				"body": {
					"mode": "raw",
					"raw": "{\r\n        \"user_name\": 33\r\n}",
					"options": {
						"raw": {
							"language": "json"
						}
					}
				},
				"url": {
					"raw": "http://localhost:5000/update_user/10",
					"protocol": "http",
					"host": [
						"localhost"
					],
					"port": "5000",
					"path": [
						"update_user",
						"10"
					]
				}
			},
			"response": []
		},
		{
			"name": "GetAllOrders",
			"request": {
				"method": "GET",
				"header": [],
				"url": {
					"raw": "http://localhost:5000/get_orders",
					"protocol": "http",
					"host": [
						"localhost"
					],
					"port": "5000",
					"path": [
						"get_orders"
					]
				}
			},
			"response": []
		},
		{
			"name": "GetOrderById",
			"request": {
				"method": "GET",
				"header": [],
				"url": {
					"raw": "http://localhost:5000/get_orders/6",
					"protocol": "http",
					"host": [
						"localhost"
					],
					"port": "5000",
					"path": [
						"get_orders",
						"6"
					]
				}
			},
			"response": []
		},
		{
			"name": "GetOrderByUserId",
			"request": {
				"method": "GET",
				"header": [],
				"url": {
					"raw": "http://localhost:5000/get_orders/user/3",
					"protocol": "http",
					"host": [
						"localhost"
					],
					"port": "5000",
					"path": [
						"get_orders",
						"user",
						"3"
					]
				}
			},
			"response": []
		},
		{
			"name": "AddOrder",
			"request": {
				"method": "POST",
				"header": [],
				"body": {
					"mode": "raw",
					"raw": " {\r\n        \"order_date\": \"3/27/2023\",\r\n        \"item_id\": 7,\r\n        \"order_qty\": 2,\r\n        \"order_price\": 5000.5,\r\n        \"user_id\": 3.5\r\n}",
					"options": {
						"raw": {
							"language": "json"
						}
					}
				},
				"url": {
					"raw": "http://localhost:5000/add_order",
					"protocol": "http",
					"host": [
						"localhost"
					],
					"port": "5000",
					"path": [
						"add_order"
					]
				}
			},
			"response": []
		},
		{
			"name": "DeleteOrderById",
			"request": {
				"method": "DELETE",
				"header": [],
				"url": {
					"raw": "http://localhost:5000/delete_order/11",
					"protocol": "http",
					"host": [
						"localhost"
					],
					"port": "5000",
					"path": [
						"delete_order",
						"11"
					]
				}
			},
			"response": []
		},
		{
			"name": "UpdateOrderById",
			"request": {
				"method": "PUT",
				"header": [],
				"body": {
					"mode": "raw",
					"raw": " {\r\n        \"order_date\": \"2024-03-23T21:00:00.000Z\",\r\n        \"item_id\": 7,\r\n        \"order_qty\": 10,\r\n        \"order_price\": 9000,\r\n        \"user_id\": 4.2\r\n}",
					"options": {
						"raw": {
							"language": "json"
						}
					}
				},
				"url": {
					"raw": "http://localhost:5000/update_order/11",
					"protocol": "http",
					"host": [
						"localhost"
					],
					"port": "5000",
					"path": [
						"update_order",
						"11"
					]
				}
			},
			"response": []
		},
		{
			"name": "ItemsView",
			"request": {
				"method": "GET",
				"header": [],
				"url": {
					"raw": "http://localhost:5000/items_view",
					"protocol": "http",
					"host": [
						"localhost"
					],
					"port": "5000",
					"path": [
						"items_view"
					]
				}
			},
			"response": []
		},
		{
			"name": "OrdersView",
			"request": {
				"method": "GET",
				"header": [],
				"url": {
					"raw": "http://localhost:5000/orders_view",
					"protocol": "http",
					"host": [
						"localhost"
					],
					"port": "5000",
					"path": [
						"orders_view"
					]
				}
			},
			"response": []
		}
	]
}